"Tweet id","Tweet permalink","Tweet text","time","impressions","engagements","engagement rate","retweets","replies","likes","user profile clicks","url clicks","hashtag clicks","detail expands","permalink clicks","app opens","app installs","follows","email tweet","dial phone","media views","media engagements","promoted impressions","promoted engagements","promoted engagement rate","promoted retweets","promoted replies","promoted likes","promoted user profile clicks","promoted url clicks","promoted hashtag clicks","promoted detail expands","promoted permalink clicks","promoted app opens","promoted app installs","promoted follows","promoted email tweet","promoted dial phone","promoted media views","promoted media engagements"
"1741332627683258634","https://twitter.com/hi_gaganthakur/status/1741332627683258634","Think Big in 2024 üî¥ https://t.co/J9cYuH1icS","2023-12-31 05:37 +0000","106.0","9.0","0.08490566037735849","0.0","0.0","4.0","1.0","0.0","0.0","4.0","0.0","0","0","0","0","0","0","0","-","-","-","-","-","-","-","-","-","-","-","-","-","-","-","-","-","-"
"1741182088672682349","https://twitter.com/hi_gaganthakur/status/1741182088672682349","Gave course access to the first 14 subscribers.

Excited for their feedback üî• https://t.co/nEs3LDvQg0","2023-12-30 19:38 +0000","114.0","8.0","0.07017543859649122","0.0","1.0","4.0","0.0","0.0","0.0","2.0","0.0","0","0","0","0","0","1","1","-","-","-","-","-","-","-","-","-","-","-","-","-","-","-","-","-","-"
"1741119720508838257","https://twitter.com/hi_gaganthakur/status/1741119720508838257","@thealexxroy Can you share your email for course access?","2023-12-30 15:31 +0000","10.0","3.0","0.3","0.0","1.0","1.0","0.0","0.0","0.0","1.0","0.0","0","0","0","0","0","0","0","-","-","-","-","-","-","-","-","-","-","-","-","-","-","-","-","-","-"
"1741119685247324333","https://twitter.com/hi_gaganthakur/status/1741119685247324333","@Digitalsnehal1 Can you share your email for course access?","2023-12-30 15:30 +0000","24.0","3.0","0.125","0.0","2.0","0.0","1.0","0.0","0.0","0.0","0.0","0","0","0","0","0","0","0","-","-","-","-","-","-","-","-","-","-","-","-","-","-","-","-","-","-"
"1741119527084306798","https://twitter.com/hi_gaganthakur/status/1741119527084306798","@SalesGorillaa üòáüòá","2023-12-30 15:30 +0000","7.0","1.0","0.14285714285714285","0.0","0.0","0.0","0.0","0.0","0.0","1.0","0.0","0","0","0","0","0","0","0","-","-","-","-","-","-","-","-","-","-","-","-","-","-","-","-","-","-"
"1741005065312457016","https://twitter.com/hi_gaganthakur/status/1741005065312457016","Morning drive https://t.co/5yA8eLQqB0","2023-12-30 07:55 +0000","93.0","10.0","0.10752688172043011","0.0","1.0","4.0","0.0","0.0","0.0","5.0","0.0","0","0","0","0","0","0","0","-","-","-","-","-","-","-","-","-","-","-","-","-","-","-","-","-","-"
"1740988786346205558","https://twitter.com/hi_gaganthakur/status/1740988786346205558","@EmJoServices Action","2023-12-30 06:50 +0000","84.0","2.0","0.023809523809523808","0.0","0.0","0.0","0.0","0.0","0.0","1.0","0.0","0","0","1","0","0","0","0","-","-","-","-","-","-","-","-","-","-","-","-","-","-","-","-","-","-"
"1740942638155694468","https://twitter.com/hi_gaganthakur/status/1740942638155694468","@jameshyujinlee Loved this, need to try saral and thanks for your strategy","2023-12-30 03:47 +0000","11.0","3.0","0.2727272727272727","0.0","1.0","1.0","0.0","0.0","0.0","1.0","0.0","0","0","0","0","0","0","0","-","-","-","-","-","-","-","-","-","-","-","-","-","-","-","-","-","-"
"1740939365768110371","https://twitter.com/hi_gaganthakur/status/1740939365768110371","@robwritescopy insane strategy, loved every bit of it. Soon going to try this, btw, can I get the ebook?","2023-12-30 03:34 +0000","75.0","0.0","0.0","0.0","0.0","0.0","0.0","0.0","0.0","0.0","0.0","0","0","0","0","0","0","0","-","-","-","-","-","-","-","-","-","-","-","-","-","-","-","-","-","-"
"1740930336392147244","https://twitter.com/hi_gaganthakur/status/1740930336392147244","@loganstorti can‚Äôt wait to watch the breakdown, awesome stuff","2023-12-30 02:58 +0000","4.0","1.0","0.25","0.0","0.0","0.0","0.0","0.0","0.0","1.0","0.0","0","0","0","0","0","0","0","-","-","-","-","-","-","-","-","-","-","-","-","-","-","-","-","-","-"
"1740929633447772215","https://twitter.com/hi_gaganthakur/status/1740929633447772215","@dbustac Loved it","2023-12-30 02:55 +0000","11.0","2.0","0.18181818181818182","0.0","0.0","0.0","0.0","0.0","0.0","2.0","0.0","0","0","0","0","0","0","0","-","-","-","-","-","-","-","-","-","-","-","-","-","-","-","-","-","-"
"1740925865498988594","https://twitter.com/hi_gaganthakur/status/1740925865498988594","@glennwrites1 Going to follow your advice 

As the engagement is down now, what‚Äôs the best way to promote your free product?","2023-12-30 02:40 +0000","11.0","1.0","0.09090909090909091","0.0","0.0","0.0","0.0","0.0","0.0","1.0","0.0","0","0","0","0","0","0","0","-","-","-","-","-","-","-","-","-","-","-","-","-","-","-","-","-","-"
"1740925418381979744","https://twitter.com/hi_gaganthakur/status/1740925418381979744","@hiraosamasocial that‚Äôs the way üòÖ","2023-12-30 02:38 +0000","3.0","1.0","0.3333333333333333","0.0","0.0","0.0","0.0","0.0","0.0","1.0","0.0","0","0","0","0","0","0","0","-","-","-","-","-","-","-","-","-","-","-","-","-","-","-","-","-","-"
"1740918715653464522","https://twitter.com/hi_gaganthakur/status/1740918715653464522","@EmmanuelKalu_E @ItsKieranDrew Yet to start promoting, but will be promoting to my email list","2023-12-30 02:12 +0000","3.0","3.0","1.0","0.0","0.0","2.0","0.0","0.0","0.0","1.0","0.0","0","0","0","0","0","0","0","-","-","-","-","-","-","-","-","-","-","-","-","-","-","-","-","-","-"
"1740918590679994753","https://twitter.com/hi_gaganthakur/status/1740918590679994753","@hiraosamasocial üòäüòä","2023-12-30 02:11 +0000","1.0","0.0","0.0","0.0","0.0","0.0","0.0","0.0","0.0","0.0","0.0","0","0","0","0","0","0","0","-","-","-","-","-","-","-","-","-","-","-","-","-","-","-","-","-","-"
"1740918497583259686","https://twitter.com/hi_gaganthakur/status/1740918497583259686","@Digitalsnehal1 awesome, on your way","2023-12-30 02:11 +0000","29.0","1.0","0.034482758620689655","0.0","0.0","0.0","0.0","0.0","0.0","1.0","0.0","0","0","0","0","0","0","0","-","-","-","-","-","-","-","-","-","-","-","-","-","-","-","-","-","-"
"1740780799899967865","https://twitter.com/hi_gaganthakur/status/1740780799899967865","@EmmanuelKalu_E @ItsKieranDrew I have done it in the past but engagement is super low these days","2023-12-29 17:04 +0000","7.0","4.0","0.5714285714285714","0.0","2.0","1.0","0.0","0.0","0.0","1.0","0.0","0","0","0","0","0","0","0","-","-","-","-","-","-","-","-","-","-","-","-","-","-","-","-","-","-"
"1740768170753839475","https://twitter.com/hi_gaganthakur/status/1740768170753839475","Mindset is the mother of Action.

Once you make your mind, you take action.

Real fight is within.

If you are not taking action, check your thoughts","2023-12-29 16:14 +0000","96.0","4.0","0.041666666666666664","0.0","1.0","2.0","0.0","0.0","0.0","1.0","0.0","0","0","0","0","0","0","0","-","-","-","-","-","-","-","-","-","-","-","-","-","-","-","-","-","-"
"1740744317692719297","https://twitter.com/hi_gaganthakur/status/1740744317692719297","@thealexxroy On your way","2023-12-29 14:39 +0000","17.0","2.0","0.11764705882352941","0.0","0.0","1.0","0.0","0.0","0.0","1.0","0.0","0","0","0","0","0","0","0","-","-","-","-","-","-","-","-","-","-","-","-","-","-","-","-","-","-"
"1740653942625992783","https://twitter.com/hi_gaganthakur/status/1740653942625992783","@loganstorti Awesome 

I meed to take A/B testing seriously now","2023-12-29 08:40 +0000","32.0","1.0","0.03125","0.0","0.0","0.0","0.0","0.0","0.0","1.0","0.0","0","0","0","0","0","0","0","-","-","-","-","-","-","-","-","-","-","-","-","-","-","-","-","-","-"
"1740653644381573558","https://twitter.com/hi_gaganthakur/status/1740653644381573558","@francis_nayan Doing the same bro

I am yet to share the win publicly, working with the client currently","2023-12-29 08:39 +0000","9.0","2.0","0.2222222222222222","0.0","0.0","0.0","1.0","0.0","0.0","1.0","0.0","0","0","0","0","0","0","0","-","-","-","-","-","-","-","-","-","-","-","-","-","-","-","-","-","-"
"1740653262435652024","https://twitter.com/hi_gaganthakur/status/1740653262435652024","@ItsKieranDrew Thanks Kieran for always providing value with your content and free courses.

Quick question, I just finished creating a free course and I have pour my heart and soul into it, how should I promote it?","2023-12-29 08:37 +0000","98.0","8.0","0.08163265306122448","0.0","1.0","3.0","3.0","0.0","0.0","0.0","0.0","0","0","1","0","0","0","0","-","-","-","-","-","-","-","-","-","-","-","-","-","-","-","-","-","-"
"1740639853824598438","https://twitter.com/hi_gaganthakur/status/1740639853824598438","@ambika_sarawgi Thanks Ambika","2023-12-29 07:44 +0000","20.0","1.0","0.05","0.0","0.0","0.0","0.0","0.0","0.0","1.0","0.0","0","0","0","0","0","0","0","-","-","-","-","-","-","-","-","-","-","-","-","-","-","-","-","-","-"
"1740606051261788213","https://twitter.com/hi_gaganthakur/status/1740606051261788213","@itshrutib Go crazy in 2024 üòÇ","2023-12-29 05:29 +0000","24.0","3.0","0.125","0.0","1.0","1.0","0.0","0.0","0.0","1.0","0.0","0","0","0","0","0","0","0","-","-","-","-","-","-","-","-","-","-","-","-","-","-","-","-","-","-"
"1740605705403715766","https://twitter.com/hi_gaganthakur/status/1740605705403715766","@Molly_Lye_ congratulations Molly

Well deserved üëè","2023-12-29 05:28 +0000","7.0","2.0","0.2857142857142857","0.0","1.0","1.0","0.0","0.0","0.0","0.0","0.0","0","0","0","0","0","0","0","-","-","-","-","-","-","-","-","-","-","-","-","-","-","-","-","-","-"
"1740605451732160622","https://twitter.com/hi_gaganthakur/status/1740605451732160622","@IAmAaronWill that‚Äôs a great strategy indeed

You never feel overwhelmed","2023-12-29 05:27 +0000","5.0","1.0","0.2","0.0","0.0","0.0","0.0","0.0","0.0","1.0","0.0","0","0","0","0","0","0","0","-","-","-","-","-","-","-","-","-","-","-","-","-","-","-","-","-","-"
"1740603767937020273","https://twitter.com/hi_gaganthakur/status/1740603767937020273","Do you read emails? ü§î 

If the answer is yes (and I know it is!), why aren't you building your email list? 

I'm looking for  10 go-getters with FREE access to my game-changing course. 

Drop a comment below if you're ready to level up!  

Let's turn your inbox into a goldmine! https://t.co/KXGirpPuTn","2023-12-29 05:20 +0000","273.0","53.0","0.19413919413919414","1.0","6.0","8.0","6.0","0.0","0.0","24.0","0.0","0","0","0","0","0","8","8","-","-","-","-","-","-","-","-","-","-","-","-","-","-","-","-","-","-"
"1740335319650808226","https://twitter.com/hi_gaganthakur/status/1740335319650808226","@alexemailguy Full of Action and Drama","2023-12-28 11:34 +0000","12.0","6.0","0.5","0.0","1.0","1.0","1.0","0.0","0.0","3.0","0.0","0","0","0","0","0","0","0","-","-","-","-","-","-","-","-","-","-","-","-","-","-","-","-","-","-"
"1740335166261006490","https://twitter.com/hi_gaganthakur/status/1740335166261006490","@valiantvibes great suggestions 

Thank you Pradeep","2023-12-28 11:33 +0000","12.0","3.0","0.25","0.0","1.0","1.0","0.0","0.0","0.0","1.0","0.0","0","0","0","0","0","0","0","-","-","-","-","-","-","-","-","-","-","-","-","-","-","-","-","-","-"
"1740333486983299190","https://twitter.com/hi_gaganthakur/status/1740333486983299190","@alexemailguy These are awesome 

Thanks for the suggestions","2023-12-28 11:26 +0000","9.0","2.0","0.2222222222222222","0.0","0.0","1.0","0.0","0.0","0.0","1.0","0.0","0","0","0","0","0","0","0","-","-","-","-","-","-","-","-","-","-","-","-","-","-","-","-","-","-"
"1740333333920596464","https://twitter.com/hi_gaganthakur/status/1740333333920596464","@alexemailguy Thanks Alex

Movie was good.

Do you watch Bollywood movies?","2023-12-28 11:26 +0000","13.0","2.0","0.15384615384615385","0.0","1.0","0.0","0.0","0.0","0.0","1.0","0.0","0","0","0","0","0","0","0","-","-","-","-","-","-","-","-","-","-","-","-","-","-","-","-","-","-"
"1740256754607513944","https://twitter.com/hi_gaganthakur/status/1740256754607513944","@taiphammm Make sense, thanks for the feedback brother","2023-12-28 06:21 +0000","11.0","1.0","0.09090909090909091","0.0","0.0","1.0","0.0","0.0","0.0","0.0","0.0","0","0","0","0","0","0","0","-","-","-","-","-","-","-","-","-","-","-","-","-","-","-","-","-","-"
"1740242500466720905","https://twitter.com/hi_gaganthakur/status/1740242500466720905","@C12Odii Thank you","2023-12-28 05:25 +0000","12.0","2.0","0.16666666666666666","0.0","0.0","1.0","0.0","0.0","0.0","1.0","0.0","0","0","0","0","0","0","0","-","-","-","-","-","-","-","-","-","-","-","-","-","-","-","-","-","-"
"1740221517504602560","https://twitter.com/hi_gaganthakur/status/1740221517504602560","@HenryWindle Haha, relatable","2023-12-28 04:01 +0000","7.0","3.0","0.42857142857142855","0.0","1.0","1.0","0.0","0.0","0.0","1.0","0.0","0","0","0","0","0","0","0","-","-","-","-","-","-","-","-","-","-","-","-","-","-","-","-","-","-"
"1740221424852414698","https://twitter.com/hi_gaganthakur/status/1740221424852414698","@KonTheArchitect Glad you could convince her","2023-12-28 04:01 +0000","19.0","3.0","0.15789473684210525","0.0","1.0","1.0","0.0","0.0","0.0","1.0","0.0","0","0","0","0","0","0","0","-","-","-","-","-","-","-","-","-","-","-","-","-","-","-","-","-","-"
"1740221253305471316","https://twitter.com/hi_gaganthakur/status/1740221253305471316","@IAmAaronWill No regrets, only lessons","2023-12-28 04:00 +0000","4.0","0.0","0.0","0.0","0.0","0.0","0.0","0.0","0.0","0.0","0.0","0","0","0","0","0","0","0","-","-","-","-","-","-","-","-","-","-","-","-","-","-","-","-","-","-"
"1740221105745576097","https://twitter.com/hi_gaganthakur/status/1740221105745576097","@ImSehej More power to you brother, 2024 will be full of ups","2023-12-28 04:00 +0000","4.0","2.0","0.5","0.0","1.0","1.0","0.0","0.0","0.0","0.0","0.0","0","0","0","0","0","0","0","-","-","-","-","-","-","-","-","-","-","-","-","-","-","-","-","-","-"
"1740220869212070265","https://twitter.com/hi_gaganthakur/status/1740220869212070265","@dev_amendh Looking good brother","2023-12-28 03:59 +0000","4.0","3.0","0.75","0.0","1.0","1.0","1.0","0.0","0.0","0.0","0.0","0","0","0","0","0","0","0","-","-","-","-","-","-","-","-","-","-","-","-","-","-","-","-","-","-"
"1740220681164562860","https://twitter.com/hi_gaganthakur/status/1740220681164562860","@MindMineMao That's the way to go forward","2023-12-28 03:58 +0000","2.0","0.0","0.0","0.0","0.0","0.0","0.0","0.0","0.0","0.0","0.0","0","0","0","0","0","0","0","-","-","-","-","-","-","-","-","-","-","-","-","-","-","-","-","-","-"
"1740220562373517440","https://twitter.com/hi_gaganthakur/status/1740220562373517440","@TheNickSorenson I would prefer employees","2023-12-28 03:58 +0000","4.0","0.0","0.0","0.0","0.0","0.0","0.0","0.0","0.0","0.0","0.0","0","0","0","0","0","0","0","-","-","-","-","-","-","-","-","-","-","-","-","-","-","-","-","-","-"
"1740220414364930157","https://twitter.com/hi_gaganthakur/status/1740220414364930157","‚ÄºÔ∏è Update ‚ÄºÔ∏è

My email marketing/newsletter course is ready, going to record it today.

I am calling it - From First Subscriber to Full-Time Income: My Blueprint for Email List Success

Do you like the name?

Looking for feedback üòä","2023-12-28 03:57 +0000","224.0","23.0","0.10267857142857142","0.0","5.0","6.0","5.0","0.0","0.0","7.0","0.0","0","0","0","0","0","0","0","-","-","-","-","-","-","-","-","-","-","-","-","-","-","-","-","-","-"
"1740210272579858874","https://twitter.com/hi_gaganthakur/status/1740210272579858874","@blackhatwizardd @glennwrites1 that‚Äôs so true

Leaving everything on product is a looser‚Äôs mindset","2023-12-28 03:17 +0000","123.0","5.0","0.04065040650406504","0.0","1.0","0.0","2.0","0.0","0.0","2.0","0.0","0","0","0","0","0","0","0","-","-","-","-","-","-","-","-","-","-","-","-","-","-","-","-","-","-"
"1740209971525304654","https://twitter.com/hi_gaganthakur/status/1740209971525304654","@thevirgilbrew The image is scroll stopper üëå","2023-12-28 03:16 +0000","13.0","2.0","0.15384615384615385","0.0","1.0","1.0","0.0","0.0","0.0","0.0","0.0","0","0","0","0","0","0","0","-","-","-","-","-","-","-","-","-","-","-","-","-","-","-","-","-","-"
"1740209666238583268","https://twitter.com/hi_gaganthakur/status/1740209666238583268","@adityatheverma Ouch, it hurts üòÖ","2023-12-28 03:14 +0000","13.0","2.0","0.15384615384615385","0.0","0.0","1.0","0.0","0.0","0.0","1.0","0.0","0","0","0","0","0","0","0","-","-","-","-","-","-","-","-","-","-","-","-","-","-","-","-","-","-"
"1740209489134137719","https://twitter.com/hi_gaganthakur/status/1740209489134137719","@NFT_GOD A perfect bookmark material","2023-12-28 03:14 +0000","15.0","1.0","0.06666666666666667","0.0","0.0","0.0","0.0","0.0","0.0","1.0","0.0","0","0","0","0","0","0","0","-","-","-","-","-","-","-","-","-","-","-","-","-","-","-","-","-","-"
"1740208626453897275","https://twitter.com/hi_gaganthakur/status/1740208626453897275","@glennwrites1 Haha, loved it

Nothing is s bad if done in moderation","2023-12-28 03:10 +0000","20.0","1.0","0.05","0.0","0.0","0.0","0.0","0.0","0.0","1.0","0.0","0","0","0","0","0","0","0","-","-","-","-","-","-","-","-","-","-","-","-","-","-","-","-","-","-"
"1740036205872300048","https://twitter.com/hi_gaganthakur/status/1740036205872300048","Unpopular Opinion: 

Don't blame social media if it makes you unproductive.

It just amplifies your priorities.

1 person is making $ from social media.

Another person is getting fat watching TikTok.","2023-12-27 15:45 +0000","122.0","10.0","0.08196721311475409","0.0","1.0","2.0","4.0","0.0","0.0","3.0","0.0","0","0","0","0","0","0","0","-","-","-","-","-","-","-","-","-","-","-","-","-","-","-","-","-","-"
"1739991278040014983","https://twitter.com/hi_gaganthakur/status/1739991278040014983","@albagm2206 @glennwrites1 Yeah, we need to pivot if things are not happening","2023-12-27 12:47 +0000","14.0","2.0","0.14285714285714285","0.0","0.0","1.0","0.0","0.0","0.0","1.0","0.0","0","0","0","0","0","0","0","-","-","-","-","-","-","-","-","-","-","-","-","-","-","-","-","-","-"
"1739991023055749364","https://twitter.com/hi_gaganthakur/status/1739991023055749364","@glennwrites1 Make sense","2023-12-27 12:46 +0000","14.0","1.0","0.07142857142857142","0.0","0.0","0.0","0.0","0.0","0.0","1.0","0.0","0","0","0","0","0","0","0","-","-","-","-","-","-","-","-","-","-","-","-","-","-","-","-","-","-"
"1739850219309941173","https://twitter.com/hi_gaganthakur/status/1739850219309941173","@ambika_sarawgi So true

Just keep giving your best","2023-12-27 03:26 +0000","7.0","1.0","0.14285714285714285","0.0","0.0","0.0","1.0","0.0","0.0","0.0","0.0","0","0","0","0","0","0","0","-","-","-","-","-","-","-","-","-","-","-","-","-","-","-","-","-","-"
"1739850006994280918","https://twitter.com/hi_gaganthakur/status/1739850006994280918","@MindMineMao 100%","2023-12-27 03:25 +0000","11.0","3.0","0.2727272727272727","0.0","0.0","1.0","0.0","0.0","0.0","2.0","0.0","0","0","0","0","0","0","0","-","-","-","-","-","-","-","-","-","-","-","-","-","-","-","-","-","-"
"1739849618350055464","https://twitter.com/hi_gaganthakur/status/1739849618350055464","@HeyJeffFelten can‚Äôt agree more

It should blend with the story","2023-12-27 03:24 +0000","27.0","0.0","0.0","0.0","0.0","0.0","0.0","0.0","0.0","0.0","0.0","0","0","0","0","0","0","0","-","-","-","-","-","-","-","-","-","-","-","-","-","-","-","-","-","-"
"1739849423214244204","https://twitter.com/hi_gaganthakur/status/1739849423214244204","Yesterday was great üöÄüöÄ

- Watched a movie with family 
- Helped my client with his first sale üî• https://t.co/fFFK9uxh46","2023-12-27 03:23 +0000","130.0","15.0","0.11538461538461539","0.0","2.0","6.0","2.0","0.0","0.0","3.0","0.0","0","0","0","0","0","2","2","-","-","-","-","-","-","-","-","-","-","-","-","-","-","-","-","-","-"
"1739848701638766652","https://twitter.com/hi_gaganthakur/status/1739848701638766652","@MindMineMao Decide
Plan 
Do

Pick 1 thing and go all in","2023-12-27 03:20 +0000","10.0","3.0","0.3","0.0","1.0","1.0","0.0","0.0","0.0","1.0","0.0","0","0","0","0","0","0","0","-","-","-","-","-","-","-","-","-","-","-","-","-","-","-","-","-","-"
"1739848313854386330","https://twitter.com/hi_gaganthakur/status/1739848313854386330","@glennwrites1 I can relate, I work more on weekdays and less on weekends 

Best hack- Put everything on Google Calendar","2023-12-27 03:18 +0000","6.0","0.0","0.0","0.0","0.0","0.0","0.0","0.0","0.0","0.0","0.0","0","0","0","0","0","0","0","-","-","-","-","-","-","-","-","-","-","-","-","-","-","-","-","-","-"
"1739847738236518591","https://twitter.com/hi_gaganthakur/status/1739847738236518591","@VairagyaSadhana True","2023-12-27 03:16 +0000","7.0","2.0","0.2857142857142857","0.0","0.0","1.0","0.0","0.0","0.0","1.0","0.0","0","0","0","0","0","0","0","-","-","-","-","-","-","-","-","-","-","-","-","-","-","-","-","-","-"
"1739847593692401828","https://twitter.com/hi_gaganthakur/status/1739847593692401828","@TatsukiThomas https://t.co/IecEnXh4dO","2023-12-27 03:16 +0000","3.0","0.0","0.0","0.0","0.0","0.0","0.0","0.0","0.0","0.0","0.0","0","0","0","0","0","0","0","-","-","-","-","-","-","-","-","-","-","-","-","-","-","-","-","-","-"
"1739847433415499826","https://twitter.com/hi_gaganthakur/status/1739847433415499826","@taiphammm Awesome","2023-12-27 03:15 +0000","7.0","2.0","0.2857142857142857","0.0","0.0","1.0","0.0","0.0","0.0","1.0","0.0","0","0","0","0","0","0","0","-","-","-","-","-","-","-","-","-","-","-","-","-","-","-","-","-","-"
"1739837515077701710","https://twitter.com/hi_gaganthakur/status/1739837515077701710","@glennwrites1 Not the case always, I spent 4 years in network marketing, did my best but could not succeed.

I guess accepting defeat and moving ahead was the best decision I took.","2023-12-27 02:36 +0000","57.0","6.0","0.10526315789473684","0.0","2.0","2.0","2.0","0.0","0.0","0.0","0.0","0","0","0","0","0","0","0","-","-","-","-","-","-","-","-","-","-","-","-","-","-","-","-","-","-"
"1739836653978685498","https://twitter.com/hi_gaganthakur/status/1739836653978685498","@thevirgilbrew So much to learn from your experience","2023-12-27 02:32 +0000","6.0","1.0","0.16666666666666666","0.0","0.0","0.0","0.0","0.0","0.0","1.0","0.0","0","0","0","0","0","0","0","-","-","-","-","-","-","-","-","-","-","-","-","-","-","-","-","-","-"
"1739836499154374830","https://twitter.com/hi_gaganthakur/status/1739836499154374830","@taiphammm I 100% agree brother

Learning is easy

Execution is hard

Let me know if you need help with launching your email course?","2023-12-27 02:32 +0000","9.0","4.0","0.4444444444444444","0.0","1.0","1.0","0.0","0.0","0.0","2.0","0.0","0","0","0","0","0","0","0","-","-","-","-","-","-","-","-","-","-","-","-","-","-","-","-","-","-"
"1739522637238501866","https://twitter.com/hi_gaganthakur/status/1739522637238501866","Free Email Marketing Course: https://t.co/uppR9eHtou","2023-12-26 05:44 +0000","64.0","6.0","0.09375","0.0","0.0","3.0","0.0","2.0","0.0","1.0","0.0","0","0","0","0","0","0","0","-","-","-","-","-","-","-","-","-","-","-","-","-","-","-","-","-","-"
"1739471815150612669","https://twitter.com/hi_gaganthakur/status/1739471815150612669","Is there anything you want to finish before the year ends that will make you proud?","2023-12-26 02:22 +0000","149.0","9.0","0.06040268456375839","0.0","0.0","4.0","1.0","0.0","0.0","4.0","0.0","0","0","0","0","0","0","0","-","-","-","-","-","-","-","-","-","-","-","-","-","-","-","-","-","-"
"1739470863609757781","https://twitter.com/hi_gaganthakur/status/1739470863609757781","@NFT_GOD Merry Christmas üéÑüéÅ brother","2023-12-26 02:19 +0000","4.0","0.0","0.0","0.0","0.0","0.0","0.0","0.0","0.0","0.0","0.0","0","0","0","0","0","0","0","-","-","-","-","-","-","-","-","-","-","-","-","-","-","-","-","-","-"
"1739470662018941322","https://twitter.com/hi_gaganthakur/status/1739470662018941322","@AmandaMGoetz Merry Christmas üéÑüéÅ","2023-12-26 02:18 +0000","114.0","2.0","0.017543859649122806","0.0","0.0","0.0","1.0","0.0","0.0","1.0","0.0","0","0","0","0","0","0","0","-","-","-","-","-","-","-","-","-","-","-","-","-","-","-","-","-","-"
"1739470278902903264","https://twitter.com/hi_gaganthakur/status/1739470278902903264","@OsipovDee Glad you found your passion brother","2023-12-26 02:16 +0000","12.0","3.0","0.25","0.0","1.0","1.0","1.0","0.0","0.0","0.0","0.0","0","0","0","0","0","0","0","-","-","-","-","-","-","-","-","-","-","-","-","-","-","-","-","-","-"
"1739470023310340521","https://twitter.com/hi_gaganthakur/status/1739470023310340521","@Jameswritess Merry Christmas üéÑ brother","2023-12-26 02:15 +0000","10.0","1.0","0.1","0.0","0.0","0.0","0.0","0.0","0.0","1.0","0.0","0","0","0","0","0","0","0","-","-","-","-","-","-","-","-","-","-","-","-","-","-","-","-","-","-"
"1739469674025529397","https://twitter.com/hi_gaganthakur/status/1739469674025529397","@VanDrommeAlex Never thought about this, great insight","2023-12-26 02:14 +0000","12.0","1.0","0.08333333333333333","0.0","0.0","0.0","0.0","0.0","0.0","1.0","0.0","0","0","0","0","0","0","0","-","-","-","-","-","-","-","-","-","-","-","-","-","-","-","-","-","-"
"1739469413148221727","https://twitter.com/hi_gaganthakur/status/1739469413148221727","@TatsukiThomas Merry Christmas üéÑ brother","2023-12-26 02:13 +0000","8.0","2.0","0.25","0.0","1.0","1.0","0.0","0.0","0.0","0.0","0.0","0","0","0","0","0","0","0","-","-","-","-","-","-","-","-","-","-","-","-","-","-","-","-","-","-"
"1739469207228829865","https://twitter.com/hi_gaganthakur/status/1739469207228829865","@glennwrites1 Merry Christmas brother","2023-12-26 02:12 +0000","27.0","2.0","0.07407407407407407","0.0","0.0","1.0","0.0","0.0","0.0","1.0","0.0","0","0","0","0","0","0","0","-","-","-","-","-","-","-","-","-","-","-","-","-","-","-","-","-","-"
"1739469041847464072","https://twitter.com/hi_gaganthakur/status/1739469041847464072","@EmJoServices Your journey is inspiring üî•","2023-12-26 02:11 +0000","51.0","1.0","0.0196078431372549","0.0","0.0","0.0","0.0","0.0","0.0","1.0","0.0","0","0","0","0","0","0","0","-","-","-","-","-","-","-","-","-","-","-","-","-","-","-","-","-","-"
"1739322012143677556","https://twitter.com/hi_gaganthakur/status/1739322012143677556","A tweet should have an intention to change someone‚Äôs perspective than just getting a like.","2023-12-25 16:27 +0000","175.0","16.0","0.09142857142857143","0.0","2.0","7.0","5.0","0.0","0.0","2.0","0.0","0","0","0","0","0","0","0","-","-","-","-","-","-","-","-","-","-","-","-","-","-","-","-","-","-"
"1739261153254277539","https://twitter.com/hi_gaganthakur/status/1739261153254277539","@Zak_Louisa Right Zak","2023-12-25 12:25 +0000","14.0","2.0","0.14285714285714285","0.0","0.0","0.0","0.0","0.0","0.0","2.0","0.0","0","0","0","0","0","0","0","-","-","-","-","-","-","-","-","-","-","-","-","-","-","-","-","-","-"
"1739261061138985135","https://twitter.com/hi_gaganthakur/status/1739261061138985135","@ZeroCounty True","2023-12-25 12:25 +0000","4.0","0.0","0.0","0.0","0.0","0.0","0.0","0.0","0.0","0.0","0.0","0","0","0","0","0","0","0","-","-","-","-","-","-","-","-","-","-","-","-","-","-","-","-","-","-"
"1739261014498324748","https://twitter.com/hi_gaganthakur/status/1739261014498324748","@patrickumeobika Thanks brother 

Merry Christmas üéÑ","2023-12-25 12:25 +0000","9.0","2.0","0.2222222222222222","0.0","1.0","1.0","0.0","0.0","0.0","0.0","0.0","0","0","0","0","0","0","0","-","-","-","-","-","-","-","-","-","-","-","-","-","-","-","-","-","-"
"1739260953072640227","https://twitter.com/hi_gaganthakur/status/1739260953072640227","@itsEshana thanks brother","2023-12-25 12:24 +0000","11.0","0.0","0.0","0.0","0.0","0.0","0.0","0.0","0.0","0.0","0.0","0","0","0","0","0","0","0","-","-","-","-","-","-","-","-","-","-","-","-","-","-","-","-","-","-"
"1739260909753884856","https://twitter.com/hi_gaganthakur/status/1739260909753884856","@Atusteth Thank you","2023-12-25 12:24 +0000","6.0","1.0","0.16666666666666666","0.0","0.0","1.0","0.0","0.0","0.0","0.0","0.0","0","0","0","0","0","0","0","-","-","-","-","-","-","-","-","-","-","-","-","-","-","-","-","-","-"
"1739260858327584886","https://twitter.com/hi_gaganthakur/status/1739260858327584886","@ronzowrites Thanks bhai","2023-12-25 12:24 +0000","11.0","1.0","0.09090909090909091","0.0","0.0","1.0","0.0","0.0","0.0","0.0","0.0","0","0","0","0","0","0","0","-","-","-","-","-","-","-","-","-","-","-","-","-","-","-","-","-","-"
"1739260646016037259","https://twitter.com/hi_gaganthakur/status/1739260646016037259","@itshrutib https://t.co/mUaufnsLhc","2023-12-25 12:23 +0000","13.0","3.0","0.23076923076923078","0.0","0.0","1.0","0.0","0.0","0.0","0.0","0.0","0","0","0","0","0","11","2","-","-","-","-","-","-","-","-","-","-","-","-","-","-","-","-","-","-"
"1739260275977834497","https://twitter.com/hi_gaganthakur/status/1739260275977834497","@thealexxroy still thinking ü§î","2023-12-25 12:22 +0000","19.0","1.0","0.05263157894736842","0.0","0.0","1.0","0.0","0.0","0.0","0.0","0.0","0","0","0","0","0","0","0","-","-","-","-","-","-","-","-","-","-","-","-","-","-","-","-","-","-"
"1739260182969085980","https://twitter.com/hi_gaganthakur/status/1739260182969085980","@ambika_sarawgi You are killing it","2023-12-25 12:21 +0000","9.0","0.0","0.0","0.0","0.0","0.0","0.0","0.0","0.0","0.0","0.0","0","0","0","0","0","0","0","-","-","-","-","-","-","-","-","-","-","-","-","-","-","-","-","-","-"
"1739136511185154486","https://twitter.com/hi_gaganthakur/status/1739136511185154486","@MattDursh @McDonaghTech A tweet should have an intention to change someone‚Äôs perspective than just getting a like.","2023-12-25 04:10 +0000","25.0","7.0","0.28","0.0","1.0","1.0","1.0","0.0","0.0","4.0","0.0","0","0","0","0","0","0","0","-","-","-","-","-","-","-","-","-","-","-","-","-","-","-","-","-","-"
"1739136262169350151","https://twitter.com/hi_gaganthakur/status/1739136262169350151","@audrlo @the_copytailorr Loved the 5th point, always overdeliver üî•","2023-12-25 04:09 +0000","10.0","2.0","0.2","0.0","0.0","0.0","0.0","0.0","0.0","2.0","0.0","0","0","0","0","0","0","0","-","-","-","-","-","-","-","-","-","-","-","-","-","-","-","-","-","-"
"1739135861994983503","https://twitter.com/hi_gaganthakur/status/1739135861994983503","@Dwriteway Haha, they need a full marketing agency for pennies","2023-12-25 04:07 +0000","32.0","1.0","0.03125","0.0","0.0","0.0","0.0","0.0","0.0","1.0","0.0","0","0","0","0","0","0","0","-","-","-","-","-","-","-","-","-","-","-","-","-","-","-","-","-","-"
"1739135685175693329","https://twitter.com/hi_gaganthakur/status/1739135685175693329","@ItsKieranDrew I am fortunate to have a wife who supports me unconditionally","2023-12-25 04:07 +0000","31.0","2.0","0.06451612903225806","0.0","0.0","1.0","0.0","0.0","0.0","1.0","0.0","0","0","0","0","0","0","0","-","-","-","-","-","-","-","-","-","-","-","-","-","-","-","-","-","-"
"1739135372070932765","https://twitter.com/hi_gaganthakur/status/1739135372070932765","@MindMineMao I want a gift üòÇ","2023-12-25 04:05 +0000","7.0","3.0","0.42857142857142855","0.0","1.0","1.0","0.0","0.0","0.0","1.0","0.0","0","0","0","0","0","0","0","-","-","-","-","-","-","-","-","-","-","-","-","-","-","-","-","-","-"
"1739134963235401786","https://twitter.com/hi_gaganthakur/status/1739134963235401786","@SahilBloom @lizandmollie You make twitter a beautiful place, bade bhai üôè","2023-12-25 04:04 +0000","70.0","3.0","0.04285714285714286","0.0","1.0","1.0","0.0","0.0","0.0","1.0","0.0","0","0","0","0","0","0","0","-","-","-","-","-","-","-","-","-","-","-","-","-","-","-","-","-","-"
"1739134814211674271","https://twitter.com/hi_gaganthakur/status/1739134814211674271","Trust me,  ü´µ are not the same person.

- You are getting stronger 
- You are getting wiser 
- You are moving forward 

Sometimes, we look at today and feel nothing is happening 

I shifted to my new house üè° and it‚Äôs a great feeling.

But I didn‚Äôt get time to celebrate and enjoy‚Ä¶","2023-12-25 04:03 +0000","412.0","34.0","0.0825242718446602","0.0","6.0","11.0","8.0","0.0","0.0","9.0","0.0","0","0","0","0","0","0","0","-","-","-","-","-","-","-","-","-","-","-","-","-","-","-","-","-","-"
"1739132717189800395","https://twitter.com/hi_gaganthakur/status/1739132717189800395","@ItsLeonBekteshi I need to develop both üòÖ","2023-12-25 03:55 +0000","9.0","2.0","0.2222222222222222","0.0","0.0","0.0","1.0","0.0","0.0","1.0","0.0","0","0","0","0","0","0","0","-","-","-","-","-","-","-","-","-","-","-","-","-","-","-","-","-","-"
"1739132543994306832","https://twitter.com/hi_gaganthakur/status/1739132543994306832","@thealexxroy Merry Christmas üéÑ","2023-12-25 03:54 +0000","5.0","2.0","0.4","0.0","0.0","1.0","0.0","0.0","0.0","1.0","0.0","0","0","0","0","0","0","0","-","-","-","-","-","-","-","-","-","-","-","-","-","-","-","-","-","-"
"1739132433864462573","https://twitter.com/hi_gaganthakur/status/1739132433864462573","@itsEshana First one sounds generic, second one is more practical","2023-12-25 03:54 +0000","4.0","1.0","0.25","0.0","0.0","0.0","0.0","0.0","0.0","1.0","0.0","0","0","0","0","0","0","0","-","-","-","-","-","-","-","-","-","-","-","-","-","-","-","-","-","-"
"1739132234077200670","https://twitter.com/hi_gaganthakur/status/1739132234077200670","@VairagyaSadhana Good morning brother","2023-12-25 03:53 +0000","4.0","4.0","1.0","0.0","1.0","1.0","1.0","0.0","0.0","1.0","0.0","0","0","0","0","0","0","0","-","-","-","-","-","-","-","-","-","-","-","-","-","-","-","-","-","-"
"1738578929261449306","https://twitter.com/hi_gaganthakur/status/1738578929261449306","@adityatheverma Loved it, happy birthday Adi

I am soon going to be 35, time for me to take massive action","2023-12-23 15:14 +0000","54.0","4.0","0.07407407407407407","0.0","1.0","1.0","1.0","0.0","0.0","1.0","0.0","0","0","0","0","0","0","0","-","-","-","-","-","-","-","-","-","-","-","-","-","-","-","-","-","-"
"1738578207367135493","https://twitter.com/hi_gaganthakur/status/1738578207367135493","@ronzowrites Money","2023-12-23 15:12 +0000","8.0","4.0","0.5","0.0","1.0","1.0","0.0","0.0","0.0","2.0","0.0","0","0","0","0","0","0","0","-","-","-","-","-","-","-","-","-","-","-","-","-","-","-","-","-","-"
"1738578107215618436","https://twitter.com/hi_gaganthakur/status/1738578107215618436","@ShronLande planning to start posting soon, probably from tomorrow","2023-12-23 15:11 +0000","22.0","4.0","0.18181818181818182","0.0","1.0","1.0","1.0","0.0","0.0","1.0","0.0","0","0","0","0","0","0","0","-","-","-","-","-","-","-","-","-","-","-","-","-","-","-","-","-","-"
"1733759755271954725","https://twitter.com/hi_gaganthakur/status/1733759755271954725","@PPCPowerhouse Awesome bro, congratulations","2023-12-10 08:05 +0000","40.0","4.0","0.1","0.0","1.0","1.0","0.0","0.0","0.0","2.0","0.0","0","0","0","0","0","0","0","-","-","-","-","-","-","-","-","-","-","-","-","-","-","-","-","-","-"
"1733545946930414041","https://twitter.com/hi_gaganthakur/status/1733545946930414041","@Hassanat_Adeoye Thank you","2023-12-09 17:55 +0000","6.0","3.0","0.5","0.0","1.0","1.0","0.0","0.0","0.0","1.0","0.0","0","0","0","0","0","0","0","-","-","-","-","-","-","-","-","-","-","-","-","-","-","-","-","-","-"
"1733545868585033830","https://twitter.com/hi_gaganthakur/status/1733545868585033830","@iammaheshw Can't share to wait, I am sharing all those updates in my emails","2023-12-09 17:55 +0000","7.0","2.0","0.2857142857142857","0.0","1.0","0.0","1.0","0.0","0.0","0.0","0.0","0","0","0","0","0","0","0","-","-","-","-","-","-","-","-","-","-","-","-","-","-","-","-","-","-"
"1733545777027559839","https://twitter.com/hi_gaganthakur/status/1733545777027559839","@GirkZackry Thanks man","2023-12-09 17:54 +0000","4.0","0.0","0.0","0.0","0.0","0.0","0.0","0.0","0.0","0.0","0.0","0","0","0","0","0","0","0","-","-","-","-","-","-","-","-","-","-","-","-","-","-","-","-","-","-"
"1733545726234558528","https://twitter.com/hi_gaganthakur/status/1733545726234558528","@ianshaggarwal https://t.co/F4VuHP7IA9","2023-12-09 17:54 +0000","8.0","3.0","0.375","0.0","0.0","1.0","0.0","0.0","0.0","0.0","0.0","0","0","0","0","0","0","2","-","-","-","-","-","-","-","-","-","-","-","-","-","-","-","-","-","-"
"1733545581983973879","https://twitter.com/hi_gaganthakur/status/1733545581983973879","@ronzowrites Thanks Ronnie","2023-12-09 17:54 +0000","5.0","1.0","0.2","0.0","0.0","1.0","0.0","0.0","0.0","0.0","0.0","0","0","0","0","0","0","0","-","-","-","-","-","-","-","-","-","-","-","-","-","-","-","-","-","-"
"1733545534521225242","https://twitter.com/hi_gaganthakur/status/1733545534521225242","@ImSehej Thanks bhai","2023-12-09 17:53 +0000","5.0","1.0","0.2","0.0","0.0","1.0","0.0","0.0","0.0","0.0","0.0","0","0","0","0","0","0","0","-","-","-","-","-","-","-","-","-","-","-","-","-","-","-","-","-","-"
"1733545473439608968","https://twitter.com/hi_gaganthakur/status/1733545473439608968","@thealexxroy Thanks Alexx","2023-12-09 17:53 +0000","3.0","1.0","0.3333333333333333","0.0","0.0","1.0","0.0","0.0","0.0","0.0","0.0","0","0","0","0","0","0","0","-","-","-","-","-","-","-","-","-","-","-","-","-","-","-","-","-","-"
"1733545419974771085","https://twitter.com/hi_gaganthakur/status/1733545419974771085","@ShronLande Thanks brother","2023-12-09 17:53 +0000","5.0","0.0","0.0","0.0","0.0","0.0","0.0","0.0","0.0","0.0","0.0","0","0","0","0","0","0","0","-","-","-","-","-","-","-","-","-","-","-","-","-","-","-","-","-","-"
"1733334136419672286","https://twitter.com/hi_gaganthakur/status/1733334136419672286","I am always cooking üç≥ https://t.co/CytIKJYSW0","2023-12-09 03:53 +0000","548.0","81.0","0.1478102189781022","0.0","8.0","33.0","16.0","0.0","0.0","20.0","0.0","0","0","0","0","0","4","4","-","-","-","-","-","-","-","-","-","-","-","-","-","-","-","-","-","-"
